size,try_no,vector*vector,vector*matrix
1,0,0.000007,0.000007
1,1,0.000001,0.000001
1,2,0.000000,0.000000
1,3,0.000001,0.000001
1,4,0.000000,0.000000
1,5,0.000000,0.000000
1,6,0.000001,0.000000
1,7,0.000001,0.000001
1,8,0.000000,0.000001
1,9,0.000000,0.000000
101,0,0.000001,0.000066
101,1,0.000001,0.000039
101,2,0.000001,0.000051
101,3,0.000001,0.000039
101,4,0.000001,0.000039
101,5,0.000000,0.000038
101,6,0.000001,0.000039
101,7,0.000001,0.000038
101,8,0.000001,0.000038
101,9,0.000001,0.000038
201,0,0.000002,0.000339
201,1,0.000001,0.000223
201,2,0.000001,0.000169
201,3,0.000002,0.000154
201,4,0.000002,0.000154
201,5,0.000001,0.000210
201,6,0.000002,0.000222
201,7,0.000001,0.000169
201,8,0.000001,0.000231
201,9,0.000001,0.000154
301,0,0.000001,0.000657
301,1,0.000002,0.000692
301,2,0.000002,0.000348
301,3,0.000001,0.000498
301,4,0.000001,0.000387
301,5,0.000003,0.000385
301,6,0.000002,0.000373
301,7,0.000002,0.000475
301,8,0.000003,0.000379
301,9,0.000002,0.000393
401,0,0.000002,0.001159
401,1,0.000002,0.001008
401,2,0.000003,0.000836
401,3,0.000003,0.001284
401,4,0.000005,0.000832
401,5,0.000002,0.000677
401,6,0.000002,0.000865
401,7,0.000004,0.000941
401,8,0.000002,0.001427
401,9,0.000004,0.001224
501,0,0.000005,0.002686
501,1,0.000004,0.001786
501,2,0.000004,0.001145
501,3,0.000003,0.001069
501,4,0.000003,0.001241
501,5,0.000003,0.001096
501,6,0.000003,0.001610
501,7,0.000005,0.002435
501,8,0.000009,0.001679
501,9,0.000006,0.001804
601,0,0.000006,0.003592
601,1,0.000004,0.002127
601,2,0.000004,0.001731
601,3,0.000003,0.001623
601,4,0.000004,0.001543
601,5,0.000003,0.001693
601,6,0.000004,0.002594
601,7,0.000005,0.002463
601,8,0.000004,0.001783
601,9,0.000004,0.001719
701,0,0.000005,0.004140
701,1,0.000005,0.003296
701,2,0.000005,0.002582
701,3,0.000004,0.002285
701,4,0.000004,0.002189
701,5,0.000004,0.002298
701,6,0.000004,0.002267
701,7,0.000003,0.002765
701,8,0.000006,0.002803
701,9,0.000005,0.002528
801,0,0.000018,0.005015
801,1,0.000005,0.003496
801,2,0.000005,0.003256
801,3,0.000005,0.002894
801,4,0.000004,0.003003
801,5,0.000004,0.002820
801,6,0.000004,0.002885
801,7,0.000005,0.003795
801,8,0.000005,0.002916
801,9,0.000004,0.002840
901,0,0.000004,0.006170
901,1,0.000005,0.004915
901,2,0.000006,0.003851
901,3,0.000006,0.008637
901,4,0.000006,0.004149
901,5,0.000006,0.003883
901,6,0.000006,0.003890
901,7,0.000006,0.004139
901,8,0.000005,0.003805
901,9,0.000008,0.003697
1001,0,0.000006,0.008601
1001,1,0.000006,0.005560
1001,2,0.000006,0.005100
1001,3,0.000017,0.005062
1001,4,0.000006,0.004556
1001,5,0.000005,0.005597
1001,6,0.000006,0.004424
1001,7,0.000005,0.004411
1001,8,0.000005,0.004596
1001,9,0.000005,0.004468
1101,0,0.000005,0.010066
1101,1,0.000062,0.006834
1101,2,0.000006,0.005301
1101,3,0.000005,0.005940
1101,4,0.000006,0.005437
1101,5,0.000006,0.005321
1101,6,0.000006,0.006642
1101,7,0.000020,0.005365
1101,8,0.000006,0.005560
1101,9,0.000006,0.005302
1201,0,0.000006,0.011673
1201,1,0.000008,0.007842
1201,2,0.000006,0.006672
1201,3,0.000007,0.007077
1201,4,0.000007,0.006433
1201,5,0.000006,0.007678
1201,6,0.000006,0.006559
1201,7,0.000006,0.007047
1201,8,0.000006,0.006365
1201,9,0.000006,0.006393
1301,0,0.000007,0.014182
1301,1,0.000007,0.008893
1301,2,0.000006,0.014292
1301,3,0.000007,0.007569
1301,4,0.000007,0.008439
1301,5,0.000007,0.007625
1301,6,0.000007,0.009592
1301,7,0.000007,0.007716
1301,8,0.000006,0.008081
1301,9,0.000007,0.007668
1401,0,0.000007,0.016223
1401,1,0.000008,0.009992
1401,2,0.000008,0.008550
1401,3,0.000007,0.010018
1401,4,0.000007,0.009422
1401,5,0.000008,0.011486
1401,6,0.000008,0.010475
1401,7,0.000007,0.009809
1401,8,0.000008,0.008697
1401,9,0.000007,0.010527
1501,0,0.000009,0.017819
1501,1,0.000019,0.012907
1501,2,0.000008,0.010225
1501,3,0.000008,0.011303
1501,4,0.000008,0.011506
1501,5,0.000008,0.010543
1501,6,0.000010,0.011888
1501,7,0.000008,0.011710
1501,8,0.000008,0.011080
1501,9,0.000008,0.010275
1601,0,0.000007,0.021446
1601,1,0.000009,0.012330
1601,2,0.000021,0.013490
1601,3,0.000008,0.012268
1601,4,0.000008,0.012731
1601,5,0.000009,0.012464
1601,6,0.000008,0.011623
1601,7,0.000008,0.012881
1601,8,0.000009,0.012809
1601,9,0.000008,0.013134
1701,0,0.000009,0.022256
1701,1,0.000009,0.015639
1701,2,0.000009,0.013491
1701,3,0.000008,0.014433
1701,4,0.000009,0.014294
1701,5,0.000009,0.015041
1701,6,0.000009,0.013572
1701,7,0.000023,0.014165
1701,8,0.000010,0.014597
1701,9,0.000009,0.014322
1801,0,0.000010,0.026630
1801,1,0.000009,0.017139
1801,2,0.000011,0.015508
1801,3,0.000009,0.016579
1801,4,0.000012,0.016906
1801,5,0.000009,0.016557
1801,6,0.000009,0.016289
1801,7,0.000009,0.016130
1801,8,0.000009,0.015352
1801,9,0.000010,0.016244
1901,0,0.000010,0.029793
1901,1,0.000011,0.023130
1901,2,0.000010,0.019308
1901,3,0.000012,0.019153
1901,4,0.000010,0.017859
1901,5,0.000010,0.019311
1901,6,0.000011,0.020236
1901,7,0.000011,0.018479
1901,8,0.000016,0.019959
1901,9,0.000011,0.018502
2001,0,0.000010,0.035519
2001,1,0.000010,0.023352
2001,2,0.000011,0.025451
2001,3,0.000011,0.031926
2001,4,0.000011,0.029500
2001,5,0.000012,0.028024
2001,6,0.000011,0.024355
2001,7,0.000012,0.026598
2001,8,0.000011,0.022364
2001,9,0.000011,0.021687
2101,0,0.000011,0.035203
2101,1,0.000011,0.034234
2101,2,0.000011,0.038946
2101,3,0.000011,0.038015
2101,4,0.000012,0.037922
2101,5,0.000012,0.038013
2101,6,0.000011,0.037436
2101,7,0.000011,0.035762
2101,8,0.000025,0.037486
2101,9,0.000011,0.042830
2201,0,0.000013,0.037961
2201,1,0.000011,0.038447
2201,2,0.000026,0.039089
2201,3,0.000011,0.040602
2201,4,0.000012,0.037606
2201,5,0.000011,0.037573
2201,6,0.000011,0.038757
2201,7,0.000025,0.039751
2201,8,0.000013,0.039683
2201,9,0.000012,0.039758
2301,0,0.000012,0.043011
2301,1,0.000012,0.044126
2301,2,0.000012,0.044978
2301,3,0.000012,0.045706
2301,4,0.000013,0.047033
2301,5,0.000014,0.059676
2301,6,0.000014,0.065565
2301,7,0.000014,0.051442
2301,8,0.000013,0.048428
2301,9,0.000013,0.051784
2401,0,0.000002,0.055772
2401,1,0.000013,0.060147
2401,2,0.000013,0.045455
2401,3,0.000013,0.059548
2401,4,0.000013,0.061723
2401,5,0.000013,0.057056
2401,6,0.000013,0.052668
2401,7,0.000015,0.052358
2401,8,0.000012,0.048240
2401,9,0.000012,0.051704
2501,0,0.000012,0.051312
2501,1,0.000016,0.058997
2501,2,0.000013,0.052015
2501,3,0.000013,0.061369
2501,4,0.000013,0.074222
2501,5,0.000013,0.063458
2501,6,0.000012,0.065134
2501,7,0.000014,0.081190
2501,8,0.000014,0.052490
2501,9,0.000033,0.049624
2601,0,0.000013,0.059449
2601,1,0.000015,0.073359
2601,2,0.000014,0.063398
2601,3,0.000013,0.064672
2601,4,0.000013,0.067588
2601,5,0.000014,0.069731
2601,6,0.000029,0.063430
2601,7,0.000013,0.066305
2601,8,0.000014,0.061753
2601,9,0.000013,0.049677
2701,0,0.000013,0.076244
2701,1,0.000013,0.072297
2701,2,0.000014,0.072644
2701,3,0.000017,0.067128
2701,4,0.000013,0.069796
2701,5,0.000017,0.080611
2701,6,0.000050,0.072172
2701,7,0.000014,0.062034
2701,8,0.000013,0.062501
2701,9,0.000014,0.065027
2801,0,0.000057,0.063504
2801,1,0.000014,0.057665
2801,2,0.000013,0.067619
2801,3,0.000033,0.065919
2801,4,0.000014,0.063733
2801,5,0.000014,0.063446
2801,6,0.000014,0.074548
2801,7,0.000017,0.087995
2801,8,0.000016,0.080290
2801,9,0.000015,0.074054
2901,0,0.000016,0.071009
2901,1,0.000015,0.068792
2901,2,0.000015,0.082216
2901,3,0.000015,0.079770
2901,4,0.000016,0.078615
2901,5,0.000016,0.072746
2901,6,0.000015,0.074249
2901,7,0.000019,0.066206
2901,8,0.000015,0.073265
2901,9,0.000015,0.066859
3001,0,0.000021,0.080545
3001,1,0.000020,0.085567
3001,2,0.000017,0.088690
3001,3,0.000017,0.080461
3001,4,0.000015,0.080850
3001,5,0.000016,0.074640
3001,6,0.000015,0.069359
3001,7,0.000014,0.071348
3001,8,0.000029,0.073268
3001,9,0.000052,0.068272
3101,0,0.000014,0.071650
3101,1,0.000049,0.070887
3101,2,0.000016,0.069587
3101,3,0.000014,0.069274
3101,4,0.000014,0.074531
3101,5,0.000015,0.069907
3101,6,0.000015,0.079636
3101,7,0.000014,0.070334
3101,8,0.000015,0.071580
3101,9,0.000015,0.072251
3201,0,0.000015,0.074144
3201,1,0.000018,0.081394
3201,2,0.000049,0.074619
3201,3,0.000015,0.073374
3201,4,0.000015,0.074961
3201,5,0.000016,0.074361
3201,6,0.000016,0.072623
3201,7,0.000015,0.076085
3201,8,0.000016,0.075602
3201,9,0.000015,0.073375
3301,0,0.000017,0.079390
3301,1,0.000030,0.079891
3301,2,0.000015,0.082644
3301,3,0.000015,0.081964
3301,4,0.000015,0.082138
3301,5,0.000016,0.097211
3301,6,0.000016,0.099118
3301,7,0.000257,0.100532
3301,8,0.000015,0.085741
3301,9,0.000016,0.079276
3401,0,0.000016,0.086679
3401,1,0.000016,0.087523
3401,2,0.000016,0.087746
3401,3,0.000048,0.085753
3401,4,0.000016,0.084800
3401,5,0.000030,0.083454
3401,6,0.000015,0.082807
3401,7,0.000016,0.084364
3401,8,0.000016,0.082543
3401,9,0.000016,0.082780
3501,0,0.000016,0.090935
3501,1,0.000016,0.088277
3501,2,0.000015,0.089154
3501,3,0.000062,0.091059
3501,4,0.000017,0.092376
3501,5,0.000016,0.089724
3501,6,0.000017,0.090432
3501,7,0.000017,0.088297
3501,8,0.000029,0.094319
3501,9,0.000016,0.088098
3601,0,0.000017,0.092882
3601,1,0.000039,0.110477
3601,2,0.000018,0.099380
3601,3,0.000017,0.094111
3601,4,0.000016,0.095619
3601,5,0.000052,0.094978
3601,6,0.000016,0.099208
3601,7,0.000017,0.094822
3601,8,0.000015,0.098284
3601,9,0.000017,0.093203
3701,0,0.000017,0.099255
3701,1,0.000017,0.099628
3701,2,0.000032,0.097645
3701,3,0.000016,0.098828
3701,4,0.000017,0.100047
3701,5,0.000018,0.103567
3701,6,0.000018,0.098734
3701,7,0.000017,0.097389
3701,8,0.000016,0.100249
3701,9,0.000018,0.097214
3801,0,0.000016,0.102896
3801,1,0.000017,0.101343
3801,2,0.000017,0.102987
3801,3,0.000016,0.105012
3801,4,0.000019,0.115382
3801,5,0.000037,0.119898
3801,6,0.000019,0.107819
3801,7,0.000018,0.103170
3801,8,0.000017,0.104945
3801,9,0.000018,0.105918
3901,0,0.000018,0.108315
3901,1,0.000017,0.111351
3901,2,0.000033,0.113176
3901,3,0.000019,0.113030
3901,4,0.000020,0.111859
3901,5,0.000018,0.107618
3901,6,0.000017,0.113591
3901,7,0.000017,0.108161
3901,8,0.000018,0.107153
3901,9,0.000017,0.107136
4001,0,0.000018,0.113100
4001,1,0.000018,0.116289
4001,2,0.000018,0.114565
4001,3,0.000019,0.114781
4001,4,0.000018,0.115407
4001,5,0.000018,0.121768
4001,6,0.000018,0.113431
4001,7,0.000023,0.114595
4001,8,0.000018,0.114135
4001,9,0.000018,0.114786
4101,0,0.000019,0.117914
4101,1,0.000018,0.121520
4101,2,0.000019,0.127879
4101,3,0.000019,0.119846
4101,4,0.000019,0.119337
4101,5,0.000018,0.119054
4101,6,0.000018,0.119406
4101,7,0.000018,0.121963
4101,8,0.000018,0.118739
4101,9,0.000018,0.120662
4201,0,0.000033,0.125770
4201,1,0.000019,0.122076
4201,2,0.000019,0.125692
4201,3,0.000019,0.126739
4201,4,0.000033,0.125182
4201,5,0.000019,0.128124
4201,6,0.000019,0.126799
4201,7,0.000019,0.129780
4201,8,0.000020,0.130799
4201,9,0.000020,0.130711
4301,0,0.000021,0.133365
4301,1,0.000020,0.138223
4301,2,0.000038,0.129074
4301,3,0.000020,0.133555
4301,4,0.000019,0.133979
4301,5,0.000019,0.134292
4301,6,0.000020,0.138323
4301,7,0.000020,0.132447
4301,8,0.000020,0.133961
4301,9,0.000020,0.131036
4401,0,0.000020,0.138636
4401,1,0.000019,0.133975
4401,2,0.000022,0.143974
4401,3,0.000019,0.137712
4401,4,0.000020,0.138603
4401,5,0.000019,0.141193
4401,6,0.000031,0.141409
4401,7,0.000019,0.142096
4401,8,0.000020,0.138319
4401,9,0.000020,0.135107
4501,0,0.000021,0.155008
4501,1,0.000020,0.144739
4501,2,0.000021,0.148043
4501,3,0.000021,0.146168
4501,4,0.000021,0.146380
4501,5,0.000021,0.146636
4501,6,0.000022,0.140414
4501,7,0.000020,0.141118
4501,8,0.000021,0.144954
4501,9,0.000020,0.145997
4601,0,0.000019,0.151995
4601,1,0.000021,0.157716
4601,2,0.000022,0.151422
4601,3,0.000019,0.165909
4601,4,0.000033,0.153790
4601,5,0.000021,0.154188
4601,6,0.000034,0.152009
4601,7,0.000021,0.148267
4601,8,0.000020,0.161685
4601,9,0.000021,0.148143
4701,0,0.000021,0.152927
4701,1,0.000020,0.154514
4701,2,0.000021,0.155579
4701,3,0.000021,0.157702
4701,4,0.000023,0.156907
4701,5,0.000034,0.157739
4701,6,0.000020,0.188195
4701,7,0.000021,0.158554
4701,8,0.000022,0.156392
4701,9,0.000021,0.159431
4801,0,0.000055,0.165108
4801,1,0.000022,0.162820
4801,2,0.000053,0.166761
4801,3,0.000048,0.166472
4801,4,0.000020,0.172804
4801,5,0.000023,0.164223
4801,6,0.000021,0.166116
4801,7,0.000022,0.162476
4801,8,0.000022,0.159435
4801,9,0.000021,0.162400
4901,0,0.000042,0.176798
4901,1,0.000022,0.176035
4901,2,0.000022,0.173351
4901,3,0.000022,0.175867
4901,4,0.000035,0.172470
4901,5,0.000024,0.172501
4901,6,0.000023,0.182071
4901,7,0.000023,0.173670
4901,8,0.000020,0.175838
4901,9,0.000023,0.173122
5001,0,0.000053,0.180936
5001,1,0.000024,0.187223
5001,2,0.000023,0.177482
5001,3,0.000021,0.181656
5001,4,0.000023,0.173872
5001,5,0.000036,0.182942
5001,6,0.000022,0.178818
5001,7,0.000023,0.181797
5001,8,0.000023,0.183556
5001,9,0.000024,0.183103
5101,0,0.000038,0.200149
5101,1,0.000023,0.187170
5101,2,0.000023,0.187463
5101,3,0.000022,0.186638
5101,4,0.000036,0.184844
5101,5,0.000023,0.186066
5101,6,0.000024,0.188280
5101,7,0.000023,0.188846
5101,8,0.000037,0.187707
5101,9,0.000023,0.187348
5201,0,0.000023,0.198863
5201,1,0.000066,0.193838
5201,2,0.000022,0.197734
5201,3,0.000024,0.196307
5201,4,0.000032,0.193937
5201,5,0.000024,0.192961
5201,6,0.000024,0.196108
5201,7,0.000024,0.195362
5201,8,0.000024,0.242108
5201,9,0.000023,0.231021
5301,0,0.000024,0.213072
5301,1,0.000030,0.199549
5301,2,0.000028,0.206822
5301,3,0.000024,0.196309
5301,4,0.000024,0.203751
5301,5,0.000025,0.195983
5301,6,0.000025,0.201525
5301,7,0.000027,0.200430
5301,8,0.000022,0.199230
5301,9,0.000023,0.199074
5401,0,0.000024,0.211659
5401,1,0.000038,0.235137
5401,2,0.000029,0.267960
5401,3,0.000145,0.227442
5401,4,0.000025,0.219080
5401,5,0.000037,0.209055
5401,6,0.000025,0.205578
5401,7,0.000023,0.211753
5401,8,0.000075,0.212066
5401,9,0.000025,0.217093
5501,0,0.000025,0.254993
5501,1,0.000049,0.267341
5501,2,0.000025,0.253533
5501,3,0.000025,0.236976
5501,4,0.000041,0.221138
5501,5,0.000025,0.218287
5501,6,0.000074,0.223735
5501,7,0.000024,0.221002
5501,8,0.000028,0.220151
5501,9,0.000025,0.219087
5601,0,0.000026,0.224213
5601,1,0.000027,0.222829
5601,2,0.000025,0.230077
5601,3,0.000037,0.225469
5601,4,0.000025,0.225028
5601,5,0.000026,0.238061
5601,6,0.000025,0.229827
5601,7,0.000037,0.226861
5601,8,0.000025,0.223303
5601,9,0.000025,0.222003
5701,0,0.000026,0.235900
5701,1,0.000025,0.234801
5701,2,0.000025,0.230472
5701,3,0.000026,0.232085
5701,4,0.000026,0.233655
5701,5,0.000026,0.235494
5701,6,0.000038,0.237194
5701,7,0.000025,0.231908
5701,8,0.000026,0.231711
5701,9,0.000025,0.236607
5801,0,0.000026,0.242669
5801,1,0.000039,0.243684
5801,2,0.000025,0.238289
5801,3,0.000026,0.242536
5801,4,0.000026,0.240913
5801,5,0.000027,0.239930
5801,6,0.000026,0.238258
5801,7,0.000026,0.240923
5801,8,0.000026,0.239007
5801,9,0.000026,0.246732
5901,0,0.000027,0.258571
5901,1,0.000027,0.248883
5901,2,0.000026,0.248193
5901,3,0.000027,0.254722
5901,4,0.000026,0.245517
5901,5,0.000026,0.254818
5901,6,0.000028,0.245431
5901,7,0.000026,0.255766
5901,8,0.000033,0.247944
5901,9,0.000025,0.258773
6001,0,0.000026,0.254074
6001,1,0.000044,0.254185
6001,2,0.000027,0.263113
6001,3,0.000027,0.252812
6001,4,0.000092,0.254857
6001,5,0.000027,0.256191
6001,6,0.000026,0.254182
6001,7,0.000054,0.254692
6001,8,0.000027,0.254375
6001,9,0.000028,0.263965
6101,0,0.000027,0.264489
6101,1,0.000028,0.270169
6101,2,0.000027,0.251490
6101,3,0.000028,0.257619
6101,4,0.000028,0.263412
6101,5,0.000028,0.271198
6101,6,0.000027,0.275648
6101,7,0.000026,0.268286
6101,8,0.000027,0.269027
6101,9,0.000028,0.271544
6201,0,0.000029,0.275155
6201,1,0.000027,0.275941
6201,2,0.000027,0.276141
6201,3,0.000042,0.278506
6201,4,0.000068,0.289312
6201,5,0.000028,0.275509
6201,6,0.000027,0.275655
6201,7,0.000028,0.284647
6201,8,0.000028,0.276634
6201,9,0.000056,0.277820
6301,0,0.000028,0.285147
6301,1,0.000029,0.287717
6301,2,0.000098,0.296996
6301,3,0.000041,0.291239
6301,4,0.000029,0.283713
6301,5,0.000029,0.286615
6301,6,0.000029,0.285847
6301,7,0.000029,0.286394
6301,8,0.000029,0.287605
6301,9,0.000028,0.293622
6401,0,0.000040,0.297716
6401,1,0.000028,0.296885
6401,2,0.000028,0.295136
6401,3,0.000029,0.292539
6401,4,0.000028,0.293925
6401,5,0.000031,0.296630
6401,6,0.000028,0.295849
6401,7,0.000079,0.321818
6401,8,0.000043,0.302179
6401,9,0.000027,0.301109
6501,0,0.000029,0.306648
6501,1,0.000059,0.307330
6501,2,0.000029,0.301317
6501,3,0.000029,0.312754
6501,4,0.000029,0.305526
6501,5,0.000029,0.305722
6501,6,0.000080,0.303781
6501,7,0.000029,0.306002
6501,8,0.000030,0.306842
6501,9,0.000155,0.311895
6601,0,0.000059,0.312878
6601,1,0.000030,0.308953
6601,2,0.000028,0.304230
6601,3,0.000028,0.313166
6601,4,0.000029,0.315956
6601,5,0.000065,0.311900
6601,6,0.000027,0.313263
6601,7,0.000050,0.313192
6601,8,0.000063,0.314648
6601,9,0.000030,0.314865
6701,0,0.000030,0.331553
6701,1,0.000029,0.332817
6701,2,0.000029,0.323789
6701,3,0.000028,0.343203
6701,4,0.000030,0.326090
6701,5,0.000030,0.339464
6701,6,0.000031,0.327115
6701,7,0.000030,0.324355
6701,8,0.000029,0.403686
6701,9,0.000032,0.387440
6801,0,0.000032,0.375207
6801,1,0.000031,0.336098
6801,2,0.000031,0.404561
6801,3,0.000031,0.365143
6801,4,0.000031,0.344507
6801,5,0.000043,0.326430
6801,6,0.000045,0.352076
6801,7,0.000032,0.328519
6801,8,0.000030,0.334196
6801,9,0.000031,0.368855
6901,0,0.000144,0.408599
6901,1,0.000066,0.370188
6901,2,0.000034,0.369389
6901,3,0.000033,0.416966
6901,4,0.000031,0.354666
6901,5,0.000035,0.379231
6901,6,0.000030,0.367795
6901,7,0.000035,0.412969
6901,8,0.000032,0.357078
6901,9,0.000034,0.403650
7001,0,0.000055,0.381483
7001,1,0.000035,0.434289
7001,2,0.000035,0.411881
7001,3,0.000034,0.387804
7001,4,0.000032,0.407669
7001,5,0.000034,0.434321
7001,6,0.000032,0.383495
7001,7,0.000033,0.416435
7001,8,0.000034,0.394617
7001,9,0.000032,0.388121
7101,0,0.000052,0.395522
7101,1,0.000032,0.391180
7101,2,0.000032,0.417335
7101,3,0.000032,0.416626
7101,4,0.000032,0.382328
7101,5,0.000104,0.392795
7101,6,0.000031,0.369975
7101,7,0.000031,0.399603
7101,8,0.000032,0.398046
7101,9,0.000032,0.393418
7201,0,0.000033,0.407425
7201,1,0.000034,0.429926
7201,2,0.000034,0.463270
7201,3,0.000047,0.409415
7201,4,0.000062,0.431529
7201,5,0.000048,0.499164
7201,6,0.000033,0.404297
7201,7,0.000032,0.400849
7201,8,0.000035,0.415224
7201,9,0.000033,0.395445
7301,0,0.000109,0.400389
7301,1,0.000048,0.411619
7301,2,0.000033,0.419586
7301,3,0.000035,0.446359
7301,4,0.000036,0.434482
7301,5,0.000034,0.444357
7301,6,0.000035,0.405992
7301,7,0.000033,0.399148
7301,8,0.000032,0.404510
7301,9,0.000033,0.399248
7401,0,0.000075,0.423788
7401,1,0.000033,0.419637
7401,2,0.000029,0.405103
7401,3,0.000033,0.408604
7401,4,0.000033,0.397769
7401,5,0.000033,0.396757
7401,6,0.000033,0.394044
7401,7,0.000033,0.407720
7401,8,0.000033,0.385962
7401,9,0.000062,0.389363
7501,0,0.000033,0.400974
7501,1,0.000033,0.403796
7501,2,0.000033,0.409463
7501,3,0.000032,0.409455
7501,4,0.000032,0.416666
7501,5,0.000033,0.400560
7501,6,0.000052,0.403691
7501,7,0.000033,0.408248
7501,8,0.000033,0.415225
7501,9,0.000034,0.419406
7601,0,0.000035,0.441132
7601,1,0.000034,0.411388
7601,2,0.000034,0.430261
7601,3,0.000068,0.484222
7601,4,0.000034,0.472448
7601,5,0.000033,0.493824
7601,6,0.000038,0.442459
7601,7,0.000049,0.415262
7601,8,0.000034,0.421235
7601,9,0.000033,0.422527
7701,0,0.000036,0.485363
7701,1,0.000035,0.477980
7701,2,0.000047,0.500671
7701,3,0.000035,0.436927
7701,4,0.000061,0.432680
7701,5,0.000034,0.445145
7701,6,0.000035,0.435757
7701,7,0.000033,0.430146
7701,8,0.000034,0.422366
7701,9,0.000034,0.464918
7801,0,0.000034,0.447216
7801,1,0.000034,0.437550
7801,2,0.000033,0.447247
7801,3,0.000035,0.452736
7801,4,0.000046,0.444853
7801,5,0.000035,0.457078
7801,6,0.000034,0.431973
7801,7,0.000049,0.448699
7801,8,0.000035,0.441772
7801,9,0.000035,0.450186
7901,0,0.000035,0.482014
7901,1,0.000169,0.489947
7901,2,0.000053,0.486543
7901,3,0.000034,0.503351
7901,4,0.000061,0.479191
7901,5,0.000035,0.478871
7901,6,0.000034,0.470645
7901,7,0.000034,0.471659
7901,8,0.000036,0.486934
7901,9,0.000036,0.456498
8001,0,0.000035,0.469595
8001,1,0.000036,0.510487
8001,2,0.000035,0.467775
8001,3,0.000035,0.474993
8001,4,0.000035,0.536980
8001,5,0.000081,0.476333
8001,6,0.000035,0.562668
8001,7,0.000070,0.470159
8001,8,0.000035,0.504756
8001,9,0.000038,0.473186
8101,0,0.000035,0.481857
8101,1,0.000034,0.491343
8101,2,0.000036,0.475494
8101,3,0.000035,0.502984
8101,4,0.000036,0.495849
8101,5,0.000037,0.523646
8101,6,0.000037,0.534119
8101,7,0.000035,0.578616
8101,8,0.000037,0.543573
8101,9,0.000037,0.557540
8201,0,0.000038,0.536169
8201,1,0.000038,0.536411
8201,2,0.000082,0.489125
8201,3,0.000037,0.510436
8201,4,0.000036,0.514388
8201,5,0.000036,0.493682
8201,6,0.000055,0.517546
8201,7,0.000036,0.544542
8201,8,0.000036,0.555985
8201,9,0.000037,0.554384
8301,0,0.000037,0.562076
8301,1,0.000036,0.562300
8301,2,0.000037,0.544376
8301,3,0.000038,0.558490
8301,4,0.000037,0.578068
8301,5,0.000105,0.531055
8301,6,0.000036,0.512462
8301,7,0.000036,0.513021
8301,8,0.000037,0.529735
8301,9,0.000038,0.546583
8401,0,0.000038,0.578552
8401,1,0.000038,0.577199
8401,2,0.000038,0.566373
8401,3,0.000038,0.545037
8401,4,0.000038,0.543183
8401,5,0.000049,0.570422
8401,6,0.000038,0.537396
8401,7,0.000080,0.542307
8401,8,0.000037,0.531185
8401,9,0.000037,0.520967
8501,0,0.000037,0.521509
8501,1,0.000036,0.500242
8501,2,0.000037,0.513583
8501,3,0.000038,0.514636
8501,4,0.000127,0.553333
8501,5,0.000037,0.537003
8501,6,0.000049,0.554323
8501,7,0.000041,0.581293
8501,8,0.000039,0.525676
8501,9,0.000037,0.553221
8601,0,0.000037,0.548817
8601,1,0.000038,0.573914
8601,2,0.000038,0.539534
8601,3,0.000039,0.546859
8601,4,0.000037,0.544608
8601,5,0.000039,0.534656
8601,6,0.000038,0.590282
8601,7,0.000072,0.563680
8601,8,0.000037,0.571134
8601,9,0.000038,0.549235
8701,0,0.000037,0.568415
8701,1,0.000038,0.595945
8701,2,0.000038,0.572364
8701,3,0.000037,0.556881
8701,4,0.000067,0.539229
8701,5,0.000071,0.531707
8701,6,0.000048,0.552012
8701,7,0.000038,0.534683
8701,8,0.000037,0.551025
8701,9,0.000037,0.555889
8801,0,0.000038,0.564963
8801,1,0.000038,0.558406
8801,2,0.000038,0.571658
8801,3,0.000036,0.550302
8801,4,0.000057,0.544801
8801,5,0.000038,0.573816
8801,6,0.000038,0.557308
8801,7,0.000039,0.566985
8801,8,0.000081,0.572547
8801,9,0.000039,0.560063
8901,0,0.000041,0.579634
8901,1,0.000040,0.587093
8901,2,0.000039,0.573885
8901,3,0.000039,0.572145
8901,4,0.000037,0.572905
8901,5,0.000037,0.633869
8901,6,0.000039,0.629589
8901,7,0.000040,0.635564
8901,8,0.000053,0.692935
8901,9,0.000038,0.668953
9001,0,0.000040,0.662630
9001,1,0.000041,0.749153
9001,2,0.000053,0.641365
9001,3,0.000040,0.699583
9001,4,0.000055,0.667287
9001,5,0.000040,0.651747
9001,6,0.000044,0.671203
9001,7,0.000043,0.643790
9001,8,0.000042,0.655589
9001,9,0.000041,0.658219
9101,0,0.000056,0.682278
9101,1,0.000042,0.697534
9101,2,0.000045,0.650298
9101,3,0.000074,0.696075
9101,4,0.000058,0.696252
9101,5,0.000041,0.744495
9101,6,0.000042,0.646097
9101,7,0.000059,0.630198
9101,8,0.000080,0.636934
9101,9,0.000054,0.637036
9201,0,0.000041,0.650038
9201,1,0.000040,0.635119
9201,2,0.000040,0.683239
9201,3,0.000042,0.668794
9201,4,0.000041,0.680184
9201,5,0.000040,0.686503
9201,6,0.000044,0.650197
9201,7,0.000041,0.652376
9201,8,0.000044,0.768711
9201,9,0.000044,0.725659
9301,0,0.000041,0.807644
9301,1,0.000061,0.828153
9301,2,0.000042,0.678080
9301,3,0.000041,0.687471
9301,4,0.000041,0.625520
9301,5,0.000041,0.646685
9301,6,0.000041,0.685558
9301,7,0.000043,0.628704
9301,8,0.000040,0.608579
9301,9,0.000041,0.611859
9401,0,0.000041,0.649092
9401,1,0.000041,0.641554
9401,2,0.000041,0.647462
9401,3,0.000105,0.637662
9401,4,0.000041,0.655380
9401,5,0.000038,0.651763
9401,6,0.000039,0.631829
9401,7,0.000041,0.635806
9401,8,0.000041,0.650280
9401,9,0.000039,0.649139
9501,0,0.000051,0.650309
9501,1,0.000058,0.653773
9501,2,0.000041,0.662837
9501,3,0.000085,0.644938
9501,4,0.000042,0.648309
9501,5,0.000041,0.647995
9501,6,0.000043,0.662779
9501,7,0.000094,0.656461
9501,8,0.000042,0.769842
9501,9,0.000043,0.746560
9601,0,0.000100,0.712303
9601,1,0.000074,0.751926
9601,2,0.000042,0.744709
9601,3,0.000056,0.696609
9601,4,0.000041,0.666556
9601,5,0.000041,0.742292
9601,6,0.000042,0.753888
9601,7,0.000045,0.752188
9601,8,0.000056,0.720161
9601,9,0.000080,0.723989
9701,0,0.000044,0.808880
9701,1,0.000044,0.726496
9701,2,0.000044,0.803409
9701,3,0.000043,0.744932
9701,4,0.000043,0.755269
9701,5,0.000456,0.750798
9701,6,0.000042,0.673465
9701,7,0.000042,0.660635
9701,8,0.000043,0.681390
9701,9,0.000040,0.677884
9801,0,0.000043,0.711573
9801,1,0.000043,0.671286
9801,2,0.000041,0.704891
9801,3,0.000042,0.698109
9801,4,0.000063,0.696573
9801,5,0.000044,0.754434
9801,6,0.000089,0.686916
9801,7,0.000043,0.719160
9801,8,0.000042,0.721890
9801,9,0.000044,0.803089
9901,0,0.000044,0.751227
9901,1,0.000044,0.750186
9901,2,0.000045,0.740153
9901,3,0.000132,0.781855
9901,4,0.000059,0.756607
9901,5,0.000057,0.716131
9901,6,0.000043,0.758915
9901,7,0.000044,0.780525
9901,8,0.000043,0.711964
9901,9,0.000043,0.710858
